<beans xmlns="http://www.springframework.org/schema/beans"
	xmlns:xsi="http://www.w3.org/2001/XMLSchema-instance"
	xmlns:context="http://www.springframework.org/schema/context"
	xsi:schemaLocation="http://www.springframework.org/schema/beans
    http://www.springframework.org/schema/beans/spring-beans-3.0.xsd
    http://www.springframework.org/schema/context
    http://www.springframework.org/schema/context/spring-context-3.0.xsd">

	<bean class="com.ktg.springcore.Employee" id="emp">
		<constructor-arg name="empId" value="123"></constructor-arg>
		<constructor-arg name="empName" value="mahesh"></constructor-arg>
		<constructor-arg name="empSal" value="45000"></constructor-arg>
		<constructor-arg name="edesg" value="developer"></constructor-arg>
			<constructor-arg name="address" ref="add"></constructor-arg>
	</bean>
<bean class="com.ktg.springcore.Address" id="add">
		<constructor-arg name="hno" value="2222"></constructor-arg>
		<constructor-arg name="colony" value="rbi colony"></constructor-arg>
		<constructor-arg name="city" value="banglore"></constructor-arg>
		<constructor-arg name="pincode" value="500445"></constructor-arg>
			
	</bean>


</beans>    